Type,Title,Link,Authors,Abstract,PublishedDate,Availability,lemmas_title,lemmas_abstract
Correspondence,Out-of-Hospital Cardiac Arrest and Covid-19,/doi/full/10.1056/NEJMc2010418?query=featured_coronavirus,E. Baldi and Others,"From February 21 through April 1, 2019, a total of 229 cases of out-of-hospital cardiac arrest were reported in four provinces of Lombardy, Italy. During the same period in 2020 (the first 40 days of the Covid-19 epidemic), 362 cases were reported — a 58% increase. Of the additional 133 cases in 2020, a total of 103 involved suspected or diagnosed Covid-19.",Apr 29,,"['Out-of-Hospital', 'Cardiac', 'Arrest', 'Covid-19']","['From', 'February', '21', 'April', '1,', '2019,', 'total', '229', 'case', 'out-of-hospital', 'cardiac', 'arrest', 'report', 'four', 'provinces', 'Lombardy,', 'Italy.', 'During', 'period', '2020', '(the', 'first', '40', 'days', 'Covid-19', 'epidemic),', '362', 'case', 'report', '—', '58%', 'increase.', 'Of', 'additional', '133', 'case', '2020,', 'total', '103', 'involve', 'suspect', 'diagnose', 'Covid-19.']"
Correspondence,ST-Segment Elevation in Covid-19,/doi/full/10.1056/NEJMc2009020?query=featured_coronavirus,S. Bangalore and Others,"Eighteen patients with Covid-19 presented with ST-segment elevation on ECG or had it develop during hospitalization. Eight patients received a diagnosis of acute myocardial infarction, and 10 had noncoronary myocardial injury. Thirteen patients died in the hospital.",Apr 17,,"['ST-Segment', 'Elevation', 'Covid-19']","['Eighteen', 'patients', 'Covid-19', 'present', 'ST-segment', 'elevation', 'ECG', 'develop', 'hospitalization.', 'Eight', 'patients', 'receive', 'diagnosis', 'acute', 'myocardial', 'infarction,', '10', 'noncoronary', 'myocardial', 'injury.', 'Thirteen', 'patients', 'die', 'hospital.']"
Special Report,RAAS Inhibitors in Patients with Covid-19,/doi/full/10.1056/NEJMsr2005760?query=featured_coronavirus,M. Vaduganathan and Others,The effects of renin–angiotensin–aldosterone system blockers on angiotensin-converting enzyme 2 levels and activity in humans are uncertain. The authors hypothesize that ACE2 may be beneficial rather than harmful during lung injury and suggest that RAAS-inhibitor withdrawal may be harmful in some high-risk patients with known or suspected Covid-19.,Apr 23,,"['RAAS', 'Inhibitors', 'Patients', 'Covid-19']","['The', 'effect', 'renin–angiotensin–aldosterone', 'system', 'blockers', 'angiotensin-converting', 'enzyme', '2', 'level', 'activity', 'humans', 'uncertain.', 'The', 'author', 'hypothesize', 'ACE2', 'may', 'beneficial', 'rather', 'harmful', 'lung', 'injury', 'suggest', 'RAAS-inhibitor', 'withdrawal', 'may', 'harmful', 'high-risk', 'patients', 'know', 'suspect', 'Covid-19.']"
Correspondence,Covid-19 in Immune-Mediated Inflammatory Diseases,/doi/full/10.1056/NEJMc2009567?query=featured_coronavirus,R. Haberman and Others,"The authors describe patients in New York City with known immune-mediated inflammatory disease in whom Covid-19 developed while they were receiving biologics, other immunomodulatory therapies, or both. The incidence of hospitalization among these patients was consistent with that among patients with Covid-19 in the general population in New York City.",Apr 29,,"['Covid-19', 'Immune-Mediated', 'Inflammatory', 'Diseases']","['The', 'author', 'describe', 'patients', 'New', 'York', 'City', 'know', 'immune-mediated', 'inflammatory', 'disease', 'Covid-19', 'develop', 'receive', 'biologics,', 'immunomodulatory', 'therapies,', 'both.', 'The', 'incidence', 'hospitalization', 'among', 'patients', 'consistent', 'among', 'patients', 'Covid-19', 'general', 'population', 'New', 'York', 'City.']"
Correspondence,Cancer Management in India during Covid-19,/doi/full/10.1056/NEJMc2011595?query=featured_coronavirus,C.S. Pramesh and R.A. Badwe,"India’s largest cancer center adopts a proactive, multipronged approach to providing treatment, while facing the reality that some services must be scaled back during a nationwide lockdown. Prioritization criteria guide treatment decisions.",Apr 28,,"['Cancer', 'Management', 'India', 'Covid-19']","['India’s', 'largest', 'cancer', 'center', 'adopt', 'proactive,', 'multipronged', 'approach', 'provide', 'treatment,', 'face', 'reality', 'service', 'must', 'scale', 'back', 'nationwide', 'lockdown.', 'Prioritization', 'criteria', 'guide', 'treatment', 'decisions.']"
Correspondence,Kidney-Transplant Recipients with Covid-19,/doi/full/10.1056/NEJMc2011117?query=featured_coronavirus,E. Akalin and Others,"A cohort of 36 consecutive kidney-transplant recipients had less fever, lower CD3, CD4, and CD8 cell counts, more rapid clinical deterioration, and a higher mortality than the general population of patients with Covid-19.",Apr 24,,"['Kidney-Transplant', 'Recipients', 'Covid-19']","['A', 'cohort', '36', 'consecutive', 'kidney-transplant', 'recipients', 'less', 'fever,', 'lower', 'CD3,', 'CD4,', 'CD8', 'cell', 'counts,', 'rapid', 'clinical', 'deterioration,', 'higher', 'mortality', 'general', 'population', 'patients', 'Covid-19.']"
Correspondence,Stroke in Young Patients with Covid-19,/doi/full/10.1056/NEJMc2009787?query=featured_coronavirus,T.J. Oxley and Others,"Five patients younger than 50 years of age with large-vessel stroke and Covid-19 infection presented to a health system in New York City over a 2-week period. The authors report the patients’ clinical characteristics, including the presence or absence of symptoms of Covid-19.",Apr 28,,"['Stroke', 'Young', 'Patients', 'Covid-19']","['Five', 'patients', 'younger', '50', 'years', 'age', 'large-vessel', 'stroke', 'Covid-19', 'infection', 'present', 'health', 'system', 'New', 'York', 'City', '2-week', 'period.', 'The', 'author', 'report', 'patients’', 'clinical', 'characteristics,', 'include', 'presence', 'absence', 'symptoms', 'Covid-19.']"
Correspondence,Acute Coronary Syndrome during Covid-19 Outbreak,/doi/full/10.1056/NEJMc2009166?query=featured_coronavirus,O. De Filippo and Others,"During the Covid-19 outbreak in northern Italy, the daily rate of admissions for acute coronary syndrome at 15 hospitals was significantly lower than the rate during two control intervals (13.3 admissions vs. 18.0 and 18.9 admissions for the two control periods).",Apr 28,,"['Acute', 'Coronary', 'Syndrome', 'Covid-19', 'Outbreak']","['During', 'Covid-19', 'outbreak', 'northern', 'Italy,', 'daily', 'rate', 'admissions', 'acute', 'coronary', 'syndrome', '15', 'hospitals', 'significantly', 'lower', 'rate', 'two', 'control', 'intervals', '(13.3', 'admissions', 'vs.', '18.0', '18.9', 'admissions', 'two', 'control', 'periods).']"
Correspondence,Neurologic Features in SARS-CoV-2 Infection,/doi/full/10.1056/NEJMc2008597?query=featured_coronavirus,J. Helms and Others,"In a consecutive series of 64 patients with Covid-19 and ARDS, 58 of whom underwent neurologic examination, severe agitation and corticospinal signs were common. In 2 of 13 patients, MRI of the brain showed small acute strokes, and in 1 patient, imaging showed a subacute stroke.",Apr 15,,"['Neurologic', 'Features', 'SARS-CoV-2', 'Infection']","['In', 'consecutive', 'series', '64', 'patients', 'Covid-19', 'ARDS,', '58', 'undergo', 'neurologic', 'examination,', 'severe', 'agitation', 'corticospinal', 'sign', 'common.', 'In', '2', '13', 'patients,', 'MRI', 'brain', 'show', 'small', 'acute', 'strokes,', '1', 'patient,', 'image', 'show', 'subacute', 'stroke.']"
Videos in Clinical Medicine,How to Obtain a Nasopharyngeal Swab Specimen,/doi/full/10.1056/NEJMvcm2010260?query=featured_coronavirus,"F.M. Marty, K. Chen, and K.A. Verrill",Collecting specimens from the surface of the respiratory mucosa with nasopharyngeal swabs is a procedure used to diagnose Covid-19 as well as other respiratory viral infections and certain bacterial infections in adults and children. This video describes the collection of specimens for detection of Covid-19.,Apr 17,,"['How', 'Obtain', 'Nasopharyngeal', 'Swab', 'Specimen']","['Collecting', 'specimens', 'surface', 'respiratory', 'mucosa', 'nasopharyngeal', 'swab', 'procedure', 'use', 'diagnose', 'Covid-19', 'well', 'respiratory', 'viral', 'infections', 'certain', 'bacterial', 'infections', 'adults', 'children.', 'This', 'video', 'describe', 'collection', 'specimens', 'detection', 'Covid-19.']"
Clinical Practice,Mild or Moderate Covid-19,/doi/full/10.1056/NEJMcp2009249?query=featured_coronavirus,"R.T. Gandhi, J.B. Lynch, and C. del Rio","The diagnosis of Covid-19 is usually based on detection of SARS-CoV-2 by PCR testing (most commonly of a nasopharyngeal swab); false negatives may occur. Available data to guide treatment have substantial limitations; randomized trials of several treatments (e.g., hydroxychloroquine, remdesivir, and favipiravir) are ongoing.",Apr 24,,"['Mild', 'Moderate', 'Covid-19']","['The', 'diagnosis', 'Covid-19', 'usually', 'base', 'detection', 'SARS-CoV-2', 'PCR', 'test', '(most', 'commonly', 'nasopharyngeal', 'swab);', 'false', 'negative', 'may', 'occur.', 'Available', 'data', 'guide', 'treatment', 'substantial', 'limitations;', 'randomize', 'trials', 'several', 'treatments', '(e.g.,', 'hydroxychloroquine,', 'remdesivir,', 'favipiravir)', 'ongoing.']"
Perspective,A National Medical Response to Crisis,/doi/full/10.1056/NEJMp2008512?query=featured_coronavirus,J. Barr and S.H. Podolsky,World War II’s massive casualties were mitigated by lives saved as a result of medical care. Many of the advances made would persist long after the war concluded — a silver lining that perhaps will have parallels in our current struggle with Covid-19.,Apr 29,,"['A', 'National', 'Medical', 'Response', 'Crisis']","['World', 'War', 'II’s', 'massive', 'casualties', 'mitigate', 'live', 'save', 'result', 'medical', 'care.', 'Many', 'advance', 'make', 'would', 'persist', 'long', 'war', 'conclude', '—', 'silver', 'line', 'perhaps', 'parallel', 'current', 'struggle', 'Covid-19.']"
Correspondence,Transforming ORs into ICUs,/doi/full/10.1056/NEJMc2010853?query=featured_coronavirus,"A.W. Peters, K.S. Chawla, and Z.A. Turnbull","In the epicenter of New York City, a medical center rapidly transforms unused facilities to increase its critical care capacity. In the process, it repurposes equipment, retrains staff, modifies ventilation systems, and constructs new walls.",Apr 24,,"['Transforming', 'ORs', 'ICUs']","['In', 'epicenter', 'New', 'York', 'City,', 'medical', 'center', 'rapidly', 'transform', 'unused', 'facilities', 'increase', 'critical', 'care', 'capacity.', 'In', 'process,', 'repurposes', 'equipment,', 'retrain', 'staff,', 'modify', 'ventilation', 'systems,', 'construct', 'new', 'walls.']"
Editorial,Ten Weeks to Crush the Curve,/doi/full/10.1056/NEJMe2007263?query=featured_coronavirus,H.V. Fineberg,"Harvey Fineberg calls for a forceful, focused campaign to eradicate Covid-19 and outlines six steps to mobilize and organize the nation to crush the curve by early June.",Apr 23,,"['Ten', 'Weeks', 'Crush', 'Curve']","['Harvey', 'Fineberg', 'call', 'forceful,', 'focus', 'campaign', 'eradicate', 'Covid-19', 'outline', 'six', 'step', 'mobilize', 'organize', 'nation', 'crush', 'curve', 'early', 'June.']"
Correspondence,In Pursuit of PPE,/doi/full/10.1056/NEJMc2010025?query=featured_coronavirus,A.W. Artenstein,"A chief physician executive finds himself involved in the complexities of trying to secure a shipment of much-needed personal protective equipment for his hospital. In the end, it seemed like a scene from a gangster movie.",Apr 17,,"['In', 'Pursuit', 'PPE']","['A', 'chief', 'physician', 'executive', 'find', 'involve', 'complexities', 'try', 'secure', 'shipment', 'much-needed', 'personal', 'protective', 'equipment', 'hospital.', 'In', 'end,', 'seem', 'like', 'scene', 'gangster', 'movie.']"
Sounding Board,Allocating Scarce Medical Resources for Covid-19,/doi/full/10.1056/NEJMsb2005114?query=featured_coronavirus,E.J. Emanuel and Others,"The Covid-19 pandemic has already stressed health care systems throughout the world, requiring rationing of medical equipment and care. The authors discuss the ethical values relevant to health care rationing and provide six recommendations to guide fair allocation of scarce medical resources during the pandemic.",Mar 23,,"['Allocating', 'Scarce', 'Medical', 'Resources', 'Covid-19']","['The', 'Covid-19', 'pandemic', 'already', 'stress', 'health', 'care', 'systems', 'throughout', 'world,', 'require', 'ration', 'medical', 'equipment', 'care.', 'The', 'author', 'discuss', 'ethical', 'value', 'relevant', 'health', 'care', 'ration', 'provide', 'six', 'recommendations', 'guide', 'fair', 'allocation', 'scarce', 'medical', 'resources', 'pandemic.']"
Correspondence,Staying Ahead of the Wave,/doi/full/10.1056/NEJMc2009409?query=featured_coronavirus,"A.J. Singer, E.J. Morley, and M.C. Henry","This report from a hard-hit hospital on Long Island, New York, explains how the local coronavirus epidemic led to rapid innovation. The ED set up a forward-triage and treatment unit and a split-flow process to expedite care. Ways were found to produce face shields and hand sanitizer and to sterilize used N95 respirators.",Apr 13,,"['Staying', 'Ahead', 'Wave']","['This', 'report', 'hard-hit', 'hospital', 'Long', 'Island,', 'New', 'York,', 'explain', 'local', 'coronavirus', 'epidemic', 'lead', 'rapid', 'innovation.', 'The', 'ED', 'set', 'forward-triage', 'treatment', 'unit', 'split-flow', 'process', 'expedite', 'care.', 'Ways', 'find', 'produce', 'face', 'shield', 'hand', 'sanitizer', 'sterilize', 'use', 'N95', 'respirators.']"
Perspective,"Disease Control, Civil Liberties, and Mass Testing",/doi/full/10.1056/NEJMp2007637?query=featured_coronavirus,D.M. Studdert and M.A. Hall,"There is emerging consensus that a graduated approach to Covid-19–related restrictive measures will be needed. Decisions to continue, modify, or lift restrictions — particularly bans on movement and gathering — could be tailored using individualized risk assessment.",Apr 09,,"['Disease', 'Control,', 'Civil', 'Liberties,', 'Mass', 'Testing']","['There', 'emerge', 'consensus', 'graduate', 'approach', 'Covid-19–related', 'restrictive', 'measure', 'needed.', 'Decisions', 'continue,', 'modify,', 'lift', 'restrictions', '—', 'particularly', 'ban', 'movement', 'gather', '—', 'could', 'tailor', 'use', 'individualize', 'risk', 'assessment.']"
Original Article,Presymptomatic SARS-CoV-2 in a Nursing Facility,/doi/full/10.1056/NEJMoa2008457?query=featured_home,M.M. Arons and Others,The authors assessed transmission of SARS-CoV-2 and evaluated the adequacy of symptom-based screening in a skilled nursing facility. More than half of residents with positive test results were asymptomatic at the time of testing. Infection-control strategies focused solely on symptomatic residents were not sufficient to prevent transmission.,Apr 24,,"['Presymptomatic', 'SARS-CoV-2', 'Nursing', 'Facility']","['The', 'author', 'assess', 'transmission', 'SARS-CoV-2', 'evaluate', 'adequacy', 'symptom-based', 'screen', 'skilled', 'nurse', 'facility.', 'More', 'half', 'residents', 'positive', 'test', 'result', 'asymptomatic', 'time', 'testing.', 'Infection-control', 'strategies', 'focus', 'solely', 'symptomatic', 'residents', 'sufficient', 'prevent', 'transmission.']"
Correspondence,2019-nCoV Transmission from Asymptomatic Patient,/doi/full/10.1056/NEJMc2001468?query=featured_home,C. Rothe and Others,"In this report, investigators in Germany detected the spread of the novel coronavirus (2019-nCoV) from a person who had recently traveled from China to Germany for a business trip. This transmission occurred before the apparent onset of illness in the index patient and was associated with additional transmission events in Germany.",Mar 05,,"['2019-nCoV', 'Transmission', 'Asymptomatic', 'Patient']","['In', 'report,', 'investigators', 'Germany', 'detect', 'spread', 'novel', 'coronavirus', '(2019-nCoV)', 'person', 'recently', 'travel', 'China', 'Germany', 'business', 'trip.', 'This', 'transmission', 'occur', 'apparent', 'onset', 'illness', 'index', 'patient', 'associate', 'additional', 'transmission', 'events', 'Germany.']"
Perspective,Covid-19 — A Reminder to Reason,/doi/full/10.1056/NEJMp2009405?query=featured_home,I. Zagury-Orly and R.M. Schwartzstein,"Faced with the Covid-19 pandemic, clinicians feel compelled to do something for their patients. But we need to retain a healthy skepticism and remember the principle of clinical equipoise, particularly when considering interventions that could cause harm.",Apr 28,,"['Covid-19', '—', 'A', 'Reminder', 'Reason']","['Faced', 'Covid-19', 'pandemic,', 'clinicians', 'feel', 'compel', 'something', 'patients.', 'But', 'need', 'retain', 'healthy', 'skepticism', 'remember', 'principle', 'clinical', 'equipoise,', 'particularly', 'consider', 'interventions', 'could', 'cause', 'harm.']"
Perspective,Rural Matters — Coronavirus and the Navajo Nation,/doi/full/10.1056/NEJMp2012114?query=featured_coronavirus,H. Kovich,"Reports on the severity of the Navajo Nation outbreak don’t mention the community’s diversity of talent and experience, its resourcefulness. Infections from the outside have always found their way here. It’s just infrastructure that hasn’t.",Apr 24,,"['Rural', 'Matters', '—', 'Coronavirus', 'Navajo', 'Nation']","['Reports', 'severity', 'Navajo', 'Nation', 'outbreak', 'don’t', 'mention', 'community’s', 'diversity', 'talent', 'experience,', 'resourcefulness.', 'Infections', 'outside', 'always', 'find', 'way', 'here.', 'It’s', 'infrastructure', 'hasn’t.']"
Correspondence,French Pandemic Resistance,/doi/full/10.1056/NEJMc2010122?query=featured_coronavirus,C. Haug,"Just over 4 years after its ED faced a flood of patients severely wounded in a terrorist attack, a Paris hospital makes large-scale changes to care for people with Covid-19 while preserving access for others needing urgent treatment.",Apr 22,,"['French', 'Pandemic', 'Resistance']","['Just', '4', 'years', 'ED', 'face', 'flood', 'patients', 'severely', 'wound', 'terrorist', 'attack,', 'Paris', 'hospital', 'make', 'large-scale', 'change', 'care', 'people', 'Covid-19', 'preserve', 'access', 'others', 'need', 'urgent', 'treatment.']"
Original Article,SARS-CoV-2 in Iceland,/doi/full/10.1056/NEJMoa2006100?query=featured_coronavirus,D.F. Gudbjartsson and Others,"Despite timely implementation of testing for SARS-CoV-2 virus, a contact-tracing scheme, and social-distancing measures, infection has spread in Iceland. However, there was no detected increase in the proportion of infected persons between March 13 and April 4, 2020.",Apr 14,,"['SARS-CoV-2', 'Iceland']","['Despite', 'timely', 'implementation', 'test', 'SARS-CoV-2', 'virus,', 'contact-tracing', 'scheme,', 'social-distancing', 'measures,', 'infection', 'spread', 'Iceland.', 'However,', 'detect', 'increase', 'proportion', 'infect', 'persons', 'March', '13', 'April', '4,', '2020.']"
Correspondence,From a Sprint to a Marathon in Hong Kong,/doi/full/10.1056/NEJMc2009790?query=featured_coronavirus,"G.M. Leung, B.J. Cowling, and J.T. Wu",Leung and colleagues from Hong Kong describe their actions after they were first alerted to a cluster of atypical pneumonia cases in Wuhan. A figure shows the evolution of the epidemic and the responses to date in Hong Kong.,Apr 15,,"['From', 'Sprint', 'Marathon', 'Hong', 'Kong']","['Leung', 'colleagues', 'Hong', 'Kong', 'describe', 'action', 'first', 'alert', 'cluster', 'atypical', 'pneumonia', 'case', 'Wuhan.', 'A', 'figure', 'show', 'evolution', 'epidemic', 'responses', 'date', 'Hong', 'Kong.']"
Correspondence,Subclinical Covid-19 in South Korea,/doi/full/10.1056/NEJMc2001801?query=featured_coronavirus,J.-Y. Song and Others,"Among 28 early confirmed cases of Covid-19 in South Korea, diagnosis was delayed in 11 patients because of subclinical symptoms and diverse initial manifestations. Covid-19 was diagnosed by surveillance testing in 3 patients who were asymptomatic.",Apr 06,,"['Subclinical', 'Covid-19', 'South', 'Korea']","['Among', '28', 'early', 'confirm', 'case', 'Covid-19', 'South', 'Korea,', 'diagnosis', 'delay', '11', 'patients', 'subclinical', 'symptoms', 'diverse', 'initial', 'manifestations.', 'Covid-19', 'diagnose', 'surveillance', 'test', '3', 'patients', 'asymptomatic.']"
Correspondence,Covid-19 in New York City,/doi/full/10.1056/NEJMc2010419?query=featured_coronavirus,P. Goyal and Others,"In this series of 393 consecutive patients admitted with Covid-19 to two New York City hospitals from March 3 to March 27, a third of patients received invasive mechanical ventilation, 10% of patients died, and 24% were still hospitalized as of April 10.",Apr 17,,"['Covid-19', 'New', 'York', 'City']","['In', 'series', '393', 'consecutive', 'patients', 'admit', 'Covid-19', 'two', 'New', 'York', 'City', 'hospitals', 'March', '3', 'March', '27,', 'third', 'patients', 'receive', 'invasive', 'mechanical', 'ventilation,', '10%', 'patients', 'died,', '24%', 'still', 'hospitalize', 'April', '10.']"
Medicine and Society,The Untold Toll,/doi/full/10.1056/NEJMms2009984?query=featured_coronavirus,L. Rosenbaum,"As the pandemic focuses medical attention on treating affected patients and protecting others from infection, how do we best care for people with non-Covid disease? Some physicians predict that “the toll on non-Covid patients will be much greater than Covid deaths.”",Apr 17,,"['The', 'Untold', 'Toll']","['As', 'pandemic', 'focus', 'medical', 'attention', 'treat', 'affect', 'patients', 'protect', 'others', 'infection,', 'best', 'care', 'people', 'non-Covid', 'disease?', 'Some', 'physicians', 'predict', '“the', 'toll', 'non-Covid', 'patients', 'much', 'greater', 'Covid', 'deaths.”']"
Original Article,Oral Lopinavir–Ritonavir for Severe Covid-19,/doi/full/10.1056/NEJMoa2001282?query=featured_coronavirus,B. Cao and Others,"Investigators in China report the results of an open-label, randomized clinical trial of lopinavir–ritonavir for the treatment of Covid-19 in 199 infected adult patients. The primary end point was the time to clinical improvement.",Mar 18,,"['Oral', 'Lopinavir–Ritonavir', 'Severe', 'Covid-19']","['Investigators', 'China', 'report', 'result', 'open-label,', 'randomize', 'clinical', 'trial', 'lopinavir–ritonavir', 'treatment', 'Covid-19', '199', 'infect', 'adult', 'patients.', 'The', 'primary', 'end', 'point', 'time', 'clinical', 'improvement.']"
Perspective,Drug Evaluation during the Covid-19 Pandemic,/doi/full/10.1056/NEJMp2009457?query=featured_coronavirus,B.N. Rome and J. Avorn,"The search for a treatment for Covid-19 is testing our country’s ability to quickly develop, test, and deploy medications, and several aspects of the U.S. response highlight how the processes for evaluating and approving drugs can go awry during a public health crisis.",Apr 14,,"['Drug', 'Evaluation', 'Covid-19', 'Pandemic']","['The', 'search', 'treatment', 'Covid-19', 'test', 'country’s', 'ability', 'quickly', 'develop,', 'test,', 'deploy', 'medications,', 'several', 'aspects', 'U.S.', 'response', 'highlight', 'process', 'evaluate', 'approve', 'drug', 'go', 'awry', 'public', 'health', 'crisis.']"
Original Article,Compassionate-Use Remdesivir for Severe Covid-19,/doi/full/10.1056/NEJMoa2007016?query=featured_coronavirus,J. Grein and Others,"A cohort of patients with severe Covid-19 received treatment with remdesivir under a compassionate-use protocol. Improvement in oxygen-support status was observed in 68% of patients, and overall mortality was 13% over a median follow-up of 18 days.",Apr 10,,"['Compassionate-Use', 'Remdesivir', 'Severe', 'Covid-19']","['A', 'cohort', 'patients', 'severe', 'Covid-19', 'receive', 'treatment', 'remdesivir', 'compassionate-use', 'protocol.', 'Improvement', 'oxygen-support', 'status', 'observe', '68%', 'patients,', 'overall', 'mortality', '13%', 'median', 'follow-up', '18', 'days.']"
Correspondence,Aerosol and Surface Stability of SARS-CoV-2,/doi/full/10.1056/NEJMc2004973?query=featured_coronavirus,N. van Doremalen and Others,"In this research letter, investigators report on the stability of SARS-CoV-2 and SARS-CoV-1 under experimental conditions. The viability of the two viruses was assessed in aerosols and on plastic, stainless steel, copper, and cardboard.",Apr 16,,"['Aerosol', 'Surface', 'Stability', 'SARS-CoV-2']","['In', 'research', 'letter,', 'investigators', 'report', 'stability', 'SARS-CoV-2', 'SARS-CoV-1', 'experimental', 'conditions.', 'The', 'viability', 'two', 'viruses', 'assess', 'aerosols', 'plastic,', 'stainless', 'steel,', 'copper,', 'cardboard.']"
Correspondence,Oral Fluid Droplets Generated during Speech,/doi/full/10.1056/NEJMc2007800?query=featured_coronavirus,P. Anfinrud and Others,"In this experiment, investigators used a laser in a darkened box to visualize droplets that were generated during speech. The droplets decreased in number with lower-amplitude speech and were almost eliminated when the speaker’s mouth was covered with a damp cloth (shown in a video).",Apr 15,,"['Oral', 'Fluid', 'Droplets', 'Generated', 'Speech']","['In', 'experiment,', 'investigators', 'use', 'laser', 'darken', 'box', 'visualize', 'droplets', 'generate', 'speech.', 'The', 'droplets', 'decrease', 'number', 'lower-amplitude', 'speech', 'almost', 'eliminate', 'speaker’s', 'mouth', 'cover', 'damp', 'cloth', '(shown', 'video).']"
Correspondence,Aerosols and Transmission of SARS-CoV-2,/doi/full/10.1056/NEJMc2009324?query=featured_coronavirus,M. Meselson,"With reference to a letter about the use of laser light scattering to visualize droplets that emanate during speech, this author describes the nature of aerosols and their potential for transmission of SARS-CoV-2.",Apr 15,,"['Aerosols', 'Transmission', 'SARS-CoV-2']","['With', 'reference', 'letter', 'use', 'laser', 'light', 'scatter', 'visualize', 'droplets', 'emanate', 'speech,', 'author', 'describe', 'nature', 'aerosols', 'potential', 'transmission', 'SARS-CoV-2.']"
Correspondence,SARS-CoV-2 Testing in Obstetrical Patients,/doi/full/10.1056/NEJMc2009316?query=featured_coronavirus,D. Sutton and Others,"Among 215 pregnant women who were admitted to a New York hospital for delivery and who underwent universal testing for SARS-CoV-2, more than one of eight asymptomatic women had positive results, and most of the women with Covid-19 were asymptomatic.",Apr 13,,"['SARS-CoV-2', 'Testing', 'Obstetrical', 'Patients']","['Among', '215', 'pregnant', 'women', 'admit', 'New', 'York', 'hospital', 'delivery', 'undergo', 'universal', 'test', 'SARS-CoV-2,', 'one', 'eight', 'asymptomatic', 'women', 'positive', 'results,', 'women', 'Covid-19', 'asymptomatic.']"
Correspondence,"Pregnant Women with Covid-19 in Wuhan, China",/doi/full/10.1056/NEJMc2009226?query=featured_coronavirus,L. Chen and Others,"Among 118 pregnant women with Covid-19 in Wuhan, China, the vast majority had a mild course of disease.",Apr 17,,"['Pregnant', 'Women', 'Covid-19', 'Wuhan,', 'China']","['Among', '118', 'pregnant', 'women', 'Covid-19', 'Wuhan,', 'China,', 'vast', 'majority', 'mild', 'course', 'disease.']"
Correspondence,Late-Onset Neonatal Sepsis with Covid-19,/doi/full/10.1056/NEJMc2010614?query=featured_coronavirus,A. Coronado Munoz and Others,"The condition of a 3-week-old boy with nasal congestion, tachypnea, and reduced feeding deteriorated, and he underwent intubation and received hemodynamic support in the pediatric intensive care unit. Chest radiography showed bilateral linear opacities, and a nasal swab was positive for SARS-CoV-2.",Apr 22,,"['Late-Onset', 'Neonatal', 'Sepsis', 'Covid-19']","['The', 'condition', '3-week-old', 'boy', 'nasal', 'congestion,', 'tachypnea,', 'reduce', 'feed', 'deteriorated,', 'undergo', 'intubation', 'receive', 'hemodynamic', 'support', 'pediatric', 'intensive', 'care', 'unit.', 'Chest', 'radiography', 'show', 'bilateral', 'linear', 'opacities,', 'nasal', 'swab', 'positive', 'SARS-CoV-2.']"
Correspondence,Uncomplicated Delivery in a Patient with Covid-19,/doi/full/10.1056/NEJMc2007605?query=featured_coronavirus,S.N. Iqbal and Others,"The peripartum care of a woman with Covid-19 at 39 weeks of gestation is described. The woman and the neonate were discharged home on hospital day 6. Care was taken to avoid infecting hospital staff, and 7 days after the delivery, no caregivers appeared to be infected.",Apr 16,,"['Uncomplicated', 'Delivery', 'Patient', 'Covid-19']","['The', 'peripartum', 'care', 'woman', 'Covid-19', '39', 'weeks', 'gestation', 'described.', 'The', 'woman', 'neonate', 'discharge', 'home', 'hospital', 'day', '6.', 'Care', 'take', 'avoid', 'infect', 'hospital', 'staff,', '7', 'days', 'delivery,', 'caregivers', 'appear', 'infected.']"
Perspective,Harnessing Our Humanity,/doi/full/10.1056/NEJMp2007466?query=featured_coronavirus,L. Rosenbaum,"As the Covid-19 pandemic spreads, we’ll continue to be plagued by resource constraints that will compromise our ability to protect ourselves, our patients, and our communities. But as Washington’s response reminds us, the professional spirit marches on, unconstrained.",Apr 01,,"['Harnessing', 'Our', 'Humanity']","['As', 'Covid-19', 'pandemic', 'spreads,', 'we’ll', 'continue', 'plague', 'resource', 'constraints', 'compromise', 'ability', 'protect', 'ourselves,', 'patients,', 'communities.', 'But', 'Washington’s', 'response', 'remind', 'us,', 'professional', 'spirit', 'march', 'on,', 'unconstrained.']"
Perspective,Critical Supply Shortages,/doi/full/10.1056/NEJMp2006141?query=featured_coronavirus,"M.L. Ranney, V. Griffeth, and A.K. Jha","U.S. hospitals are already reporting shortages of key equipment needed to care for critically ill patients with Covid-19, including ventilators and personal protective equipment for medical staff. Adequate production and distribution of this equipment is crucial.",Mar 25,,"['Critical', 'Supply', 'Shortages']","['U.S.', 'hospitals', 'already', 'report', 'shortages', 'key', 'equipment', 'need', 'care', 'critically', 'ill', 'patients', 'Covid-19,', 'include', 'ventilators', 'personal', 'protective', 'equipment', 'medical', 'staff.', 'Adequate', 'production', 'distribution', 'equipment', 'crucial.']"
Correspondence,Protective Shield for Intubation,/doi/full/10.1056/NEJMc2007589?query=featured_coronavirus,R. Canelli and Others,A four-sided plexiglass box with access holes for an operator was used to provide additional protection for an operator performing intubation. The box reduced the amount of material expelled from a simulated patient cough that ended up on the operator. This letter is accompanied by a video showing the simulation.,Apr 03,,"['Protective', 'Shield', 'Intubation']","['A', 'four-sided', 'plexiglass', 'box', 'access', 'hole', 'operator', 'use', 'provide', 'additional', 'protection', 'operator', 'perform', 'intubation.', 'The', 'box', 'reduce', 'amount', 'material', 'expel', 'simulate', 'patient', 'cough', 'end', 'operator.', 'This', 'letter', 'accompany', 'video', 'show', 'simulation.']"
Original Article,Covid-19 Outbreak at a Long-Term Care Facility,/doi/full/10.1056/NEJMoa2005412?query=featured_coronavirus,T.M. McMichael and Others,"On February 28, 2020, public health officials in the Seattle area were informed of a Covid-19 infection at a long-term care facility. An investigation identified 167 infected persons associated with the facility, including residents, health care personnel, and visitors; more than a third of the 101 residents identified died.",Mar 27,,"['Covid-19', 'Outbreak', 'Long-Term', 'Care', 'Facility']","['On', 'February', '28,', '2020,', 'public', 'health', 'officials', 'Seattle', 'area', 'inform', 'Covid-19', 'infection', 'long-term', 'care', 'facility.', 'An', 'investigation', 'identify', '167', 'infect', 'persons', 'associate', 'facility,', 'include', 'residents,', 'health', 'care', 'personnel,', 'visitors;', 'third', '101', 'residents', 'identify', 'died.']"
Original Article,First U.S. Confirmed Case of 2019-nCoV Infection,/doi/full/10.1056/NEJMoa2001191?query=featured_coronavirus,M.L. Holshue and Others,"A healthy 35 year-old man who had visited Wuhan, China, presented with cough and fever that progressed to pneumonia. This report describes the diagnosis, clinical course, and management of the condition. The case highlights the importance of close coordination between clinicians and public health authorities at the local, state, and federal levels.",Mar 05,,"['First', 'U.S.', 'Confirmed', 'Case', '2019-nCoV', 'Infection']","['A', 'healthy', '35', 'year-old', 'man', 'visit', 'Wuhan,', 'China,', 'present', 'cough', 'fever', 'progress', 'pneumonia.', 'This', 'report', 'describe', 'diagnosis,', 'clinical', 'course,', 'management', 'condition.', 'The', 'case', 'highlight', 'importance', 'close', 'coordination', 'clinicians', 'public', 'health', 'authorities', 'local,', 'state,', 'federal', 'levels.']"
Original Article,"Covid-19 — Early ICU Experience, Seattle",/doi/full/10.1056/NEJMoa2004500?query=featured_coronavirus,P.K. Bhatraju and Others,"Clinicians and investigators report on the first 24 patients admitted to ICUs from nine Seattle area hospitals. Key aspects of the clinical presentation, treatment, and outcomes are described.",Mar 30,,"['Covid-19', '—', 'Early', 'ICU', 'Experience,', 'Seattle']","['Clinicians', 'investigators', 'report', 'first', '24', 'patients', 'admit', 'ICUs', 'nine', 'Seattle', 'area', 'hospitals.', 'Key', 'aspects', 'clinical', 'presentation,', 'treatment,', 'outcomes', 'described.']"
Original Article,Characteristics of Covid-19 in China,/doi/full/10.1056/NEJMoa2002032,W. Guan and Others,"In this study, researchers describe the clinical characteristics of coronavirus disease 2019 in a selected cohort of 1099 patients with laboratory-confirmed disease throughout mainland China during the first 2 months of the current outbreak.",Feb 28,,"['Characteristics', 'Covid-19', 'China']","['In', 'study,', 'researchers', 'describe', 'clinical', 'characteristics', 'coronavirus', 'disease', '2019', 'select', 'cohort', '1099', 'patients', 'laboratory-confirmed', 'disease', 'throughout', 'mainland', 'China', 'first', '2', 'months', 'current', 'outbreak.']"
Original Article,Early Transmission Dynamics of 2019-nCoV,/doi/full/10.1056/NEJMoa2001316,Q. Li and Others,"The authors provide an epidemiologic analysis of the first 425 confirmed cases of infection with the novel coronavirus in Wuhan, China. This analysis provides estimates of the epidemic doubling time and the basic reproductive number and shows clear evidence of sustained human-to-human transmission.",Mar 26,,"['Early', 'Transmission', 'Dynamics', '2019-nCoV']","['The', 'author', 'provide', 'epidemiologic', 'analysis', 'first', '425', 'confirm', 'case', 'infection', 'novel', 'coronavirus', 'Wuhan,', 'China.', 'This', 'analysis', 'provide', 'estimate', 'epidemic', 'double', 'time', 'basic', 'reproductive', 'number', 'show', 'clear', 'evidence', 'sustain', 'human-to-human', 'transmission.']"
Original Article,A Novel Coronavirus in China,/doi/full/10.1056/NEJMoa2001017,N. Zhu and Others,"The authors report the emergence and isolation of a previously unknown betacoronavirus, the seventh member of the family of coronaviruses that infect humans, in Wuhan, China. Findings in three patients are described.",Feb 20,,"['A', 'Novel', 'Coronavirus', 'China']","['The', 'author', 'report', 'emergence', 'isolation', 'previously', 'unknown', 'betacoronavirus,', 'seventh', 'member', 'family', 'coronaviruses', 'infect', 'humans,', 'Wuhan,', 'China.', 'Findings', 'three', 'patients', 'described.']"
Correspondence,SARS-CoV-2 Infection in Travelers Returning from Wuhan,/doi/full/10.1056/NEJMc2003100,O.-T. Ng and Others,"Data on travelers returning from areas with many cases of Covid-19 may be useful in estimating incidence. The authors report follow-up data on 94 persons who boarded an evacuation flight from Wuhan, China, to Singapore on January 30, 2020.",Mar 12,,"['SARS-CoV-2', 'Infection', 'Travelers', 'Returning', 'Wuhan']","['Data', 'travelers', 'return', 'areas', 'many', 'case', 'Covid-19', 'may', 'useful', 'estimate', 'incidence.', 'The', 'author', 'report', 'follow-up', 'data', '94', 'persons', 'board', 'evacuation', 'flight', 'Wuhan,', 'China,', 'Singapore', 'January', '30,', '2020.']"
Correspondence,"Children with Covid-19 in Wuhan, China",/doi/full/10.1056/NEJMc2003717,W. Liu and Others,"A retrospective analysis of routine surveillance data involving children hospitalized in central Wuhan, China, for acute lower respiratory infection in early January 2020 revealed six cases of Covid-19. The authors report clinical characteristics of the children and laboratory data.",Mar 12,,"['Children', 'Covid-19', 'Wuhan,', 'China']","['A', 'retrospective', 'analysis', 'routine', 'surveillance', 'data', 'involve', 'children', 'hospitalize', 'central', 'Wuhan,', 'China,', 'acute', 'lower', 'respiratory', 'infection', 'early', 'January', '2020', 'reveal', 'six', 'case', 'Covid-19.', 'The', 'author', 'report', 'clinical', 'characteristics', 'children', 'laboratory', 'data.']"
Correspondence,SARS-CoV-2 Infection in Children,/doi/full/10.1056/NEJMc2005073,X. Lu and Others,"In this report, investigators in Wuhan, China, describe the spectrum of Covid-19 illness in children under the age of 16 years. Of 1391 children assessed and tested over a period of 4 weeks, 171 (12.3%) were confirmed to have SARS-CoV-2 infection.",Mar 18,,"['SARS-CoV-2', 'Infection', 'Children']","['In', 'report,', 'investigators', 'Wuhan,', 'China,', 'describe', 'spectrum', 'Covid-19', 'illness', 'children', 'age', '16', 'years.', 'Of', '1391', 'children', 'assess', 'test', 'period', '4', 'weeks,', '171', '(12.3%)', 'confirm', 'SARS-CoV-2', 'infection.']"
Editorial,NEJM Covid-19 Update,https://interactives.nejm.org/iv/playlist_branded/index.html?media_id=chsWAwUH,,Listen to conversations with editors Eric Rubin and Lindsey Baden on the current coronavirus outbreak.,,,"['NEJM', 'Covid-19', 'Update']","['Listen', 'conversations', 'editors', 'Eric', 'Rubin', 'Lindsey', 'Baden', 'current', 'coronavirus', 'outbreak.']"
IMAGES IN CLINICAL MEDICINE,A Sneeze,https://www.nejm.org/doi/full/10.1056/NEJMicm1501197,,This video captures the emission of a sneeze cloud. The largest droplets rapidly settle within 1 to 2 m away from the person. The smaller and evaporating droplets can travel the dimensions of a room and land up to 6 to 8 m away.,,,"['A', 'Sneeze']","['This', 'video', 'capture', 'emission', 'sneeze', 'cloud.', 'The', 'largest', 'droplets', 'rapidly', 'settle', 'within', '1', '2', 'away', 'person.', 'The', 'smaller', 'evaporate', 'droplets', 'travel', 'dimension', 'room', 'land', '6', '8', 'away.']"
IMAGES IN CLINICAL MEDICINE,Coughing and Aerosols,https://www.nejm.org/doi/full/10.1056/NEJMicm072576,,"Sequential schlieren images during a cough, shown in a video, were recorded at 3000 frames per second. A maximum airspeed of 8 m per second (18 mph) was observed, averaged during the half-second cough.",,,"['Coughing', 'Aerosols']","['Sequential', 'schlieren', 'image', 'cough,', 'show', 'video,', 'record', '3000', 'frame', 'per', 'second.', 'A', 'maximum', 'airspeed', '8', 'per', 'second', '(18', 'mph)', 'observed,', 'average', 'half-second', 'cough.']"
NEJM Resident 360,COVID-19 Interactive Case,,,This interactive case presents a new patient with a history characteristic of COVID-19. It explains management of the associated hypoxemia and the laboratory and imaging studies. Test your knowledge and learn more about this disease.,,,"['COVID-19', 'Interactive', 'Case']","['This', 'interactive', 'case', 'present', 'new', 'patient', 'history', 'characteristic', 'COVID-19.', 'It', 'explain', 'management', 'associate', 'hypoxemia', 'laboratory', 'image', 'studies.', 'Test', 'knowledge', 'learn', 'disease.']"
